phase,signal,dir,qe,qx,thr_e,thr_x,minh,maxh,stop,lev,killswitch,score,tot,dd,nt,wr,pf,sharpe,tot_train,tot_test,dd_test,cagr_test,pnl_2022,dd_2022,y2020,y2021,y2022,y2023,y2024,y2025,y2026,n_long,n_short
1,rn_p_down10,high,0.8,0.5,0.2283464566929034,0.13779527559053956,10,60,0.15,1.5,True,15.580575237740243,48.53813633760831,34.9902175301531,16,62.5,1.803268480734749,0.3949265724527781,-14.801145841615494,74.34288031793972,16.37344337716588,17.758608502632576,28.633154479159863,31.571639785064953,-33.76602283963444,0.0,28.633154479159863,6.22339813893511,25.344402436618864,30.942033716114103,0.0,,
1,rn_p_down10,high,0.8,0.5,0.2283464566929034,0.13779527559053956,10,60,,1.5,True,15.453665322121067,92.86539730323192,50.7706784410751,14,71.42857142857143,2.7660101093974188,0.5062430744437282,10.624188926736643,74.34288031793966,16.3734433771659,17.758608502632555,28.03673426941431,31.88891457411282,-13.599648133822495,0.0,28.03673426941431,6.22339813893511,25.344402436618864,30.94203371611406,0.0,,
1,rvi,high,0.8,0.3,58.24,29.89,5,60,0.08,1.0,True,14.939624982458707,39.808576796185434,32.6628889633667,7,42.857142857142854,2.3758456961525405,0.4028387687746708,-22.5113747132192,80.42464462204897,10.856904648054835,18.952077353872298,-12.188406915043936,32.53292109419619,-11.755814278631727,0.0,-12.188406915043936,0.0,20.868104817953935,52.1527692724526,0.0,,
1,rvi,high,0.8,0.3,58.24,29.89,5,60,0.05,1.0,True,14.919734618483142,39.697221495233,32.71652189803051,8,37.5,2.3378289777481216,0.40191757862439514,-22.573093167028937,80.42464462204897,10.856904648054831,18.952077353872298,-12.258347448015261,32.53019160440661,-11.755814278631727,0.0,-12.258347448015261,0.0,20.868104817953935,52.15276927245262,0.0,,
1,rvi,high,0.8,0.5,58.24,33.245000000000005,5,60,0.08,1.0,True,14.579929613540376,38.376220049652396,32.6628889633667,7,42.857142857142854,2.3440633082445173,0.3936774338782221,-22.5113747132192,78.57617106708273,10.856904648054835,18.592381984953967,-12.188406915043936,32.53292109419619,-11.755814278631727,0.0,-12.188406915043936,0.0,20.868104817953935,50.59394469555421,0.0,,
1,rn_p_down10,high,0.8,0.5,0.2283464566929034,0.13779527559053956,10,30,0.05,1.5,True,14.058700996397494,48.31588847195487,36.306483859304784,17,58.82352941176471,1.815476761351162,0.39240611948176585,-15.038169285280102,74.56767024001837,15.554862342902467,17.803239477280396,28.275296694037387,36.306483859304784,-33.76602283963444,0.0,28.275296694037387,6.22339813893511,25.344402436618864,31.110864525277005,0.0,,
1,gex_norm,high,0.8,0.5,0.007646964248546,-0.0044853470106513,5,30,0.1,1.5,True,9.009581547527878,7.601625231861142,57.89836288137855,34,67.64705882352942,1.2173796082270474,0.16683222686459512,-27.583905761981242,48.58799879235938,14.64030735571917,12.351103390302764,-8.28466300162406,26.72744855457806,-48.60668352301064,53.63369900669248,-8.28466300162406,28.633101528046858,2.339664962909671,3.2217850558229344,9.349206597044502,,
1,gex_norm,high,0.8,0.5,0.007646964248546,-0.0044853470106513,5,30,0.08,1.0,True,7.924573324677734,8.590617684404922,42.92491280728221,34,67.64705882352942,1.2077733377010555,0.16350968687911518,-16.89644801814374,30.669044938191313,9.92420662699093,8.184319968487852,-4.3002133100458195,18.051272653738035,-34.850196114274766,33.28936659284156,-4.3002133100458195,18.528928938687315,1.6829510787220059,2.1278567038819585,6.15879912926478,,
1,gex_norm,high,0.8,0.3,0.007646964248546,-0.04232090790124425,10,60,0.08,1.0,True,7.22738127344442,10.572085908633433,42.8131772612467,26,61.53846153846154,1.25872900394148,0.17922790762041166,-23.85934793504545,45.22082870305062,16.743650237561003,11.596302766515066,-8.904871326820818,21.9942894293343,-31.087851015900203,18.108190944940805,-8.904871326820818,36.081064587111086,-1.296256173560184,3.388660483300865,4.5742306611373795,,
1,atm_iv,high,0.8,0.5,53.06862562375165,30.722112899757928,5,30,0.08,1.0,True,6.908322467583167,10.125144617171022,30.049185844724718,11,63.63636363636363,1.3663501735456203,0.17869020173627323,-16.05594154276804,31.188730496367256,12.351141191004086,8.310674896330262,-4.8729865078182,29.91417324732419,-11.755814278631727,0.0,-4.8729865078182,0.0,18.853268816780155,10.378731525342388,0.0,,
1,varswap_iv,high,0.8,0.5,62.392900924852704,36.03480988683741,10,30,0.1,1.0,True,6.841327424125511,8.141059790377202,27.31136835063283,8,62.5,1.3613902964298732,0.15887827314008954,-13.043875606311662,24.362787031279588,10.856904648054842,6.62198600724504,-1.4596557463253057,22.996436681014952,-11.755814278631727,0.0,-1.4596557463253057,0.0,16.854619690643524,6.425220808995746,0.0,,
1,atm_iv,high,0.8,0.5,53.06862562375165,30.722112899757928,5,30,0.05,1.0,True,6.8057007264412945,9.813790939263578,30.11200866285965,13,53.84615384615385,1.3095868366419077,0.17552675050567493,-16.394232076725334,31.34714705334696,12.416294279867413,8.349121582830922,-5.256343814808872,29.918465607209377,-11.755814278631727,0.0,-5.256343814808872,0.0,18.853268816780155,10.512019030647712,0.0,,
1,atm_iv,high,0.8,0.5,53.06862562375165,30.722112899757928,5,30,0.1,1.0,True,6.3332306724095515,7.905933873321791,29.99804296130506,10,70.0,1.3343831988916321,0.15604357363615162,-17.747558448772548,31.188730496367256,12.351141191004094,8.310674896330262,-6.789959158396908,29.862931652637016,-11.755814278631727,0.0,-6.789959158396908,0.0,18.853268816780155,10.37873152534241,0.0,,
1,varswap_iv,high,0.8,0.5,62.392900924852704,36.03480988683741,10,30,0.08,1.0,True,6.316276629626639,6.220372725908829,27.30931553458801,8,62.5,1.3086371087903372,0.13845536313084555,-14.58829826707535,24.362787031279588,10.856904648054842,6.62198600724504,-3.2098250613215473,22.994262006011407,-11.755814278631727,0.0,-3.2098250613215473,0.0,16.854619690643524,6.425220808995746,0.0,,
1,varswap_iv,high,0.8,0.5,62.392900924852704,36.03480988683741,10,30,0.15,1.5,True,5.761465791949643,7.864259475218183,39.446877946167845,8,62.5,1.3661744163079512,0.16300168823515662,-21.51152445126193,37.42687537387446,15.554862342902467,9.800523532340776,-4.742693602870474,33.48576180592251,-17.603721417947593,0.0,-4.742693602870474,0.0,25.311929535965284,9.667831213493617,0.0,,
2,varswap_iv+bf25+gex_norm_AND,,0.7,0.4,,,10,90,0.1,1.0,True,2.30100358405872,0.4017788521265775,26.03783905506799,9,66.66666666666666,1.1259856055735025,0.06273879890413459,-23.127468124984308,31.62795833938756,5.147526059460232,8.417192326100409,-13.52392772752532,24.435627140790114,-11.10543083779233,0.0,-13.52392772752532,9.767813024363758,19.914895553373,0.0,0.0,,
2,VOLwgt>=7,,0.7,0.4,,,10,90,0.12,1.0,True,1.5798101147473247,3.9131957034415077,33.133741661175904,15,60.0,1.199825386343185,0.11656787808733722,-22.17518287415523,33.52192724771987,11.626792115100141,8.873647565233966,-8.81040201482195,25.069256642347792,-14.656036603545042,0.0,-8.81040201482195,3.160772756204233,20.955505453935853,9.135942297799659,0.0,,
2,rn_p_down10_OR_rvi,,0.7,0.4,,,10,90,0.1,1.0,False,-1.3692270486761844,35.39675365586446,52.02563181105386,25,56.00000000000001,1.5821517242088672,0.32050314807144986,-26.280219581200736,83.66407616338607,23.075689561162587,19.576215287907985,-26.34971262565863,52.02563181105386,-0.8219684280610706,-0.6851733151825856,-26.34971262565863,19.030870265581434,5.4404113341632865,49.160294953102394,0.0,,
2,rn_p_down10_OR_rvi,,0.7,0.4,,,10,90,0.15,1.0,False,-1.8794182598202074,33.52116514487415,52.0675193796282,23,60.86956521739131,1.5845705640632939,0.31374201974747395,-26.221258646774302,80.9751192496271,23.016132677144093,19.058691537253235,-26.34882991454841,52.0675193796282,-0.7438356366279208,-0.6851733151825856,-26.34882991454841,19.030870265581434,3.8098023806883985,49.28515160146203,0.0,,
2,atm_iv+gex_norm+rn_p_down10_AND,,0.7,0.4,,,10,90,0.15,1.0,True,-2.1190014441592515,-16.700709551117566,35.885829213585794,8,62.5,0.690588699831428,-0.13663610966382003,-27.916950276168386,15.56016396090767,11.314445448802292,4.344786328843786,-6.077571256679725,30.286845541195508,-23.252570564559495,0.0,-6.077571256679725,4.1873268086057625,10.915758663425601,0.0,0.0,,
2,varswap_iv+gex_norm+rn_p_down10_AND,,0.7,0.4,,,10,90,0.15,1.0,True,-2.4092077349989496,-21.203292261192686,36.52089482933066,5,60.0,0.5428265153215859,-0.21314474153273708,-27.49838495839605,8.682693059445668,8.49290067846424,2.4788220502337976,-4.587104324562841,30.286845541195497,-24.012771514418485,0.0,-4.587104324562841,0.0,8.682693059445668,0.0,0.0,,
2,VOLwgt>=7,,0.7,0.4,,,10,90,0.12,1.0,False,-3.504690341116479,20.019672258137454,51.3655628872447,19,57.89473684210527,1.58970172701533,0.25638190816629486,-10.11238773129155,33.521927247719915,11.626792115100152,8.873647565233966,-13.93798635137501,51.3655628872447,4.445165129069206,0.0,-13.93798635137501,3.160772756204233,20.955505453935853,9.135942297799659,0.0,,
2,VOLwgt>=6,,0.7,0.4,,,10,90,0.12,1.0,True,-3.7698302309064418,-5.48036199783779,31.097793733750194,16,50.0,1.0629494015503498,0.023014372042832843,-20.021377947657946,18.181128377410396,17.297677344750145,5.035258580052382,-6.286726243529217,25.06925664234778,-14.656036603545042,0.0,-6.286726243529217,3.160772756204233,15.020809299408299,1.5819799528301148,0.0,,
2,varswap_iv_OR_rvi,,0.7,0.4,,,10,90,0.15,1.0,False,-5.455311320779739,35.764908002458526,52.06726024154129,16,62.5,1.6532430648564698,0.32187958875217604,-14.070672764936276,59.2296868371081,23.01606229650398,14.6599265909515,-23.606362988377107,52.06726024154129,12.482309517466783,0.0,-23.606362988377107,15.860900156014468,18.26357513175667,18.44912424957521,0.0,,
2,varswap_iv_OR_rvi,,0.7,0.4,,,10,90,0.1,1.0,False,-5.490085925871433,35.54658572542599,52.02563181105386,18,55.55555555555556,1.6163085913272222,0.32108488424754134,-14.139391238414522,59.10086549474472,23.075689561162584,14.632638816210019,-23.60732064398291,52.02563181105386,12.393765325921446,0.0,-23.60732064398291,15.860900156014445,18.26357513175667,18.353295541432324,0.0,,
3,rvi_q0.6_mom_pos,,0.6,0.4,,,10,90,0.1,1.0,False,5.651607811575099,80.336538808672,33.72329855777784,9,66.66666666666666,3.9933405767420447,0.5807496655727923,25.20319639074784,44.03509176064324,22.966586979485182,11.327562026480308,9.6051056834072,33.72329855777784,14.2311716320912,0.0,9.6051056834072,0.0,9.975211413498863,33.49629826835589,0.0,,
3,rvi_q0.6_ma200_only,,0.6,0.4,,,10,90,0.1,1.0,True,4.9165339884811115,25.093981716025105,40.75340268659122,19,57.89473684210527,1.4724725832583254,0.2720880439319158,-26.45922638111037,71.42973151930062,23.016221490704485,17.17650792452039,-19.779040258239966,35.299433155713736,-6.874048649108289,-3.1290333574556906,-19.779040258239966,8.993616749418475,10.708350637029618,44.810620847703795,0.0,,
3,rvi_q0.8_ma200_only,,0.8,0.4,,,10,90,0.1,1.0,True,3.6521039421302746,15.700794537044738,32.60909464163265,6,50.0,1.6462770608651458,0.2198830163544766,-22.449470542172445,49.19407429702143,23.0162214907045,12.485678492989095,-12.118255923745524,32.47902294363341,-11.755814278631727,0.0,-12.118255923745524,0.0,20.868104817953935,25.815913956123417,0.0,,
3,rvi_q0.6_mom_pos,,0.6,0.4,,,10,90,0.1,1.0,True,1.4033803802175635,32.13653149947056,25.22534788470765,8,62.5,2.3602223693256033,0.3756461107837885,-8.260875954413704,44.03509176064324,22.96658697948518,11.327562026480308,-19.125156181562243,25.22534788470765,13.433448170284713,0.0,-19.125156181562243,0.0,9.975211413498863,33.49629826835589,0.0,,
3,rvi_q0.6_mom_pos,,0.6,0.4,,,10,90,0.15,1.0,False,-0.013720820537280964,44.55540390360988,38.78013134756112,9,66.66666666666666,2.226860920874027,0.3889238083314451,0.3612398455171473,44.03509176064326,22.966586979485182,11.327562026480308,-12.141985053996896,38.78013134756112,14.2311716320912,0.0,-12.141985053996896,0.0,9.975211413498863,33.49629826835589,0.0,,
3,SHORT_atm_iv_low_q0.3_below_MA200,,0.3,0.5,,,5,30,0.1,1.0,True,-0.07198433962971684,49.85484920574814,18.601127350061464,40,55.00000000000001,1.8935795094205092,0.571907919839548,38.388994211526864,8.28523616314154,18.601127350061464,2.3684666003948696,13.993416642389223,3.0208950381748383,22.10540551359943,-0.5769934515037156,13.993416642389223,-8.329885450431673,19.197373914850125,1.2607975690883455,-4.363054803696576,,
3,SHORT_atm_iv_low_q0.3_below_MA200,,0.3,0.5,,,5,30,0.1,1.0,False,-0.07198433962971684,49.85484920574814,18.601127350061464,40,55.00000000000001,1.8935795094205092,0.571907919839548,38.388994211526864,8.28523616314154,18.601127350061464,2.3684666003948696,13.993416642389223,3.0208950381748383,22.10540551359943,-0.5769934515037156,13.993416642389223,-8.329885450431673,19.197373914850125,1.2607975690883455,-4.363054803696576,,
3,SHORT_atm_iv_low_q0.3_below_MA200,,0.3,0.5,,,5,30,0.15,1.0,True,-0.5787201192989624,48.644710201564045,19.2584564335872,40,55.00000000000001,1.8665624408474841,0.558437865493931,38.388994211526864,7.410788732492235,19.2584564335872,2.124662454135917,13.993416642389223,3.0208950381748383,22.10540551359943,-0.5769934515037156,13.993416642389223,-9.070158999952538,19.197373914850104,1.2607975690883455,-4.363054803696576,,
3,varswap_iv_q0.8_ma200_only,,0.8,0.4,,,10,90,0.1,1.0,True,-1.759521185819683,-1.8897513488391082,32.60909464163265,6,50.0,1.08058197487139,0.058594787911032,-23.17376579314199,27.70409699764109,10.856904648054835,7.456562199778816,-12.939041163077336,32.47902294363341,-11.755814278631727,0.0,-12.939041163077336,0.0,16.854619690643524,9.28459425542616,0.0,,
3,SHORT_atm_iv_low_q0.2_below_MA200,,0.2,0.5,,,5,30,0.15,1.0,True,-2.192382275797561,17.291931191194276,17.85402735827807,27,59.25925925925925,1.497593358427913,0.28820691056235737,17.494654357645523,-0.17253820402260978,17.85402735827807,-0.050771332486332366,0.0,0.0,17.494654357645523,0.0,0.0,-12.33556550405307,12.711400759666859,4.607626428144229,-5.33464692874065,,
4,vsw_q0.7+leverdown_RVI60,,0.7,0.4,,,10,90,0.15,1.0,True,-3.428872026121068,6.026803295844774,33.498814945127506,13,76.92307692307693,1.2656246461200287,0.14067544300525095,-23.707058389091983,40.058422436155205,22.966586979485186,10.414708300503683,-27.52473185593225,33.498814945127506,5.267553421467053,0.0,-27.52473185593225,12.239493083081898,14.331428801672486,11.25948498122835,0.0,,
4,atm_iv_q0.7+MA200+RVI<70+kill,,0.7,0.4,,,10,90,0.08,1.0,True,-15.03129452586851,-18.85767380632979,23.617923621259894,7,28.57142857142857,0.42091376943660885,-0.33380346717722686,-15.887672398454566,-3.530994198549142,23.033456846383633,-1.0516100677786855,-15.887672398454566,15.895588568556592,0.0,0.0,-15.887672398454566,4.128932092623416,0.0,-7.356194034871111,0.0,,
4,atm_iv_q0.7+MA200+RVI<70+kill,,0.7,0.4,,,10,90,0.12,1.0,True,-17.70622188837546,-26.321538749805395,26.90495908643688,7,28.57142857142857,0.2809858239336264,-0.517827174432251,-19.340705568463832,-8.654716397583806,23.192493345343056,-2.6270128796990866,-19.340705568463832,19.348296758878323,0.0,0.0,-19.340705568463832,4.128932092623416,0.0,-12.276749826682254,0.0,,
4,vsw_q0.7+RVI<70,,0.7,0.4,,,10,90,0.15,1.0,True,-32.52997453887281,-22.627318436153065,48.85036620953049,13,69.23076923076923,0.8040946067789148,-0.10952808767574568,-44.3254979558429,40.058422436155205,22.966586979485182,10.414708300503683,-25.963121799662325,32.42277876920931,-24.80166182384608,0.0,-25.963121799662325,12.239493083081875,14.331428801672486,11.25948498122835,0.0,,
4,vsw_q0.7+timestop_war2022_(post-hoc),,0.7,0.4,,,10,90,0.15,1.0,True,-32.52997453887281,-22.627318436153065,48.85036620953049,13,69.23076923076923,0.8040946067789148,-0.10952808767574568,-44.3254979558429,40.058422436155205,22.966586979485182,10.414708300503683,-25.963121799662325,32.42277876920931,-24.80166182384608,0.0,-25.963121799662325,12.239493083081875,14.331428801672486,11.25948498122835,0.0,,
4,vsw_q0.7+leverdown_RVI60,,0.7,0.4,,,10,90,0.1,1.0,True,-39.42321876148449,-27.111165629235035,48.35645456474807,15,60.0,0.7424845515065654,-0.21116446177121945,-44.08317031847244,31.370056824148485,21.924103776025998,8.354678928217819,-35.764984039274104,38.19690241877421,-12.949613469831133,0.0,-35.764984039274104,12.239493083081875,14.331428801672486,4.357628837866989,0.0,,
4,vsw_q0.7+timestop_war2022_(post-hoc),,0.7,0.4,,,10,90,0.1,1.0,True,-49.749632377711684,-37.49020945974766,63.53021620293195,15,60.0,0.7590525077884857,-0.16084608968993352,-54.98389303619052,39.94520816374354,23.033456846383622,10.388453334797587,-48.451718016959234,58.47296892217013,-12.67195485075595,0.0,-48.451718016959234,12.239493083081898,14.331428801672486,11.169549928255806,0.0,,
4,vsw_q0.7+RVI<70,,0.7,0.4,,,10,90,0.1,1.0,True,-50.003511150020884,-39.180902494728564,63.16929750155723,15,60.0,0.7302174735172138,-0.17896906406697638,-56.201437005669334,39.945208163743494,23.033456846383636,10.388453334797587,-49.84593675550768,58.06200179903179,-12.67195485075595,0.0,-49.84593675550768,12.239493083081854,14.331428801672486,11.169549928255806,0.0,,
5,DUAL_vsw_long+rvi_low_q0.3_short,,0.7,0.3,,,10,60,0.1,1.0,True,2.624435308107685,69.20244339394745,23.033456846383622,18,72.22222222222221,2.5055622548243415,0.6862438448373653,31.356769111477067,28.811362016945097,23.033456846383622,7.729726364029932,-2.97302772456266,14.136971092831688,35.38170472699622,0.0,-2.97302772456266,1.3934351700003234,29.030139617625306,2.2022848781312776,-3.663123114547906,4.0,14.0
5,DUAL_vsw_long+rvi_low_q0.3_short,,0.7,0.3,,,10,60,0.1,1.0,False,-0.4866376302279214,51.11808566680467,24.77510209844635,19,68.42105263157895,1.9755103130733174,0.5404691613896574,17.317357180747095,28.811362016945075,23.033456846383633,7.729726364029932,-13.343270852347999,24.77510209844635,35.38170472699622,0.0,-13.343270852347999,1.3934351700003011,29.03013961762526,2.2022848781312776,-3.6631231145478838,5.0,14.0
5,DUAL_vsw_long+rvi_low_q0.2_short,,0.7,0.2,,,10,60,0.1,1.0,True,-1.3121244292379712,35.6318066283386,23.033456846383622,10,70.0,2.2906722088897298,0.46732191052510613,7.85203115475448,25.757303943329134,23.033456846383622,6.972203134024846,-13.56981608236456,14.136971092831693,24.78514595957959,0.0,-13.56981608236456,7.100503372463951,19.258279048955963,2.2022848781312776,-3.663123114547895,4.0,6.0
5,DUAL_vsw_long+rvi_low_q0.3_short,,0.7,0.3,,,10,60,0.15,1.0,True,-2.2860983424699883,43.63770648768941,22.966586979485175,17,70.58823529411765,2.0756457727311117,0.4721832647337255,23.829644981581243,15.996219248673803,22.966586979485175,4.4604229056315114,-8.532954854358099,19.057171864552846,35.38170472699622,0.0,-8.532954854358099,-8.676405472713867,29.030139617625284,2.1826371585231152,-3.663123114547895,3.0,14.0
5,DUAL_vsw_long+rvi_low_q0.2_short,,0.7,0.2,,,10,60,0.15,1.0,True,-2.777234725077186,27.835130248977393,23.467739927292065,10,70.0,2.254335939599645,0.37115429975556063,1.6717967317056548,25.73312792564517,22.966586979485182,6.9661550114185955,-18.522516482339025,19.05717186455285,24.78514595957959,0.0,-18.522516482339025,7.100503372463973,19.258279048955963,2.1826371585231152,-3.663123114547895,4.0,6.0
